{
  "users": [
    {
      "id": 1,
      "phoneNumber": "7409328856",
      "studName": "Tripti Gupta",
      "dob": "22-11-1997",
      "email": "triptiguptaagra1234@gmail.com",
      "city": "ajay kumar garg engineering college (girls hostel 2),",
      "socialMediaProfile": [
        {
          "socialSite": "LinkedIN",
          "link": "www.linkedin.com/in/tripti-gupta-384b16147"
        },
        {
          "socialSite": "Github",
          "link": "sxacdsdcjsocjodsicod"
        },
        {
          "socialSite": "Instagram",
          "link": "cvbn"
        }
      ],
      "experience": [
        {
          "companyName": "Indiamart Limited",
          "designation": "associate software engineer",
          "expStartMonth": "May",
          "expStartYear": "2014",
          "expEndMonth": "Apr",
          "expEndYear": "2017"
        },
        {
          "companyName": "Infosys",
          "designation": "system engineer",
          "expStartMonth": "Jun",
          "expStartYear": "2017",
          "expEndMonth": "May",
          "expEndYear": "2019"
        }
      ],
      "education": [
        {
          "instituteName": "Ajay Kumar Garg Engineering College",
          "degreeName": "btech",
          "degreeStartMonth": "Oct",
          "degreeStartYear": "2016",
          "degreeEndMonth": "Jun",
          "degreeEndYear": "2018"
        },
        {
          "instituteName": "akgec",
          "degreeName": "btech",
          "degreeStartMonth": "May",
          "degreeStartYear": "2013",
          "degreeEndMonth": "Jun",
          "degreeEndYear": "2016"
        }
      ],
      "aboutme": "Associate Software Engineer "
    },
    {
      "studName": "Pooja gupta",
      "dob": "22/11/1997",
      "email": "tripti1610083@gmail.com",
      "city": "37/46-H Bundu Katra, gwalior road, agra",
      "socialMediaProfile": [
        {
          "socialSite": "LinkedIN",
          "link": "www.linkedin.com/in/pooja-gupta-384b16147"
        },
        {
          "socialSite": "Youtube",
          "link": "https://www.youtube.com/channel/UCJWPz2-4M_LoPgzu7blWXmQ"
        }
      ],
      "experience": [
        {
          "companyName": "Infosys",
          "designation": "system engineer",
          "expStartMonth": "Aug",
          "expStartYear": "2017",
          "expEndMonth": "Jul",
          "expEndYear": "2019"
        }
      ],
      "education": [
        {
          "instituteName": "akgec",
          "degreeName": "btech",
          "degreeStartMonth": "Feb",
          "degreeStartYear": "2013",
          "degreeEndMonth": "Apr",
          "degreeEndYear": "2016"
        }
      ],
      "phoneNumber": "1234567890",
      "id": 2,
      "aboutme": "I am passionate about my work"
    }
  ]
}